ASX Code,Market Cap
1AG.AX,3482764
1TT.AX,5042574
1CG.AX,7597930
29M.AX,378917472
14D.AX,12384788
1MC.AX,24715202
1AD.AX,13671165
1AE.AX,18801720
360.AX,2683823360
5EA.AX,123407304
88E.AX,125620496
3DA.AX,177453856
1ST.AX,Not available
3DP.AX,31254810
4DS.AX,163998992
4DX.AX,246386688
5GG.AX,27282072
3PL.AX,348708992
3MF.AX,Not available
A1G.AX,5925885
A11.AX,237129184
A1N.AX,262961984
8IH.AX,3573560
A1M.AX,173426624
8VI.AX,1676456
8CO.AX,9860180
92E.AX,51729132
A2B.AX,177713328
A2M.AX,4503884800
A3D.AX,8977848
AAR.AX,47585876
ABA.AX,206024000
AAJ.AX,3347164
A4N.AX,779722112
AAC.AX,822776896
AAU.AX,17967700
A8G.AX,3648435
AAP.AX,7740684
ABC.AX,2048332928
ABB.AX,1056762240
ACF.AX,348134016
ABY.AX,119326536
ACE.AX,78368000
ABX.AX,13752200
ABV.AX,19047800
ABE.AX,2641757
AC8.AX,17621880
ACP.AX,13842720
ACB.AX,Not available
ACL.AX,530823456
ACQ.AX,75471112
ACS.AX,3311889
ACU.AX,16799476
AD1.AX,5391888
ACW.AX,65277524
ACR.AX,13954416
AD8.AX,1751102336
ADA.AX,51833000
ADC.AX,3615255
ADD.AX,6095880
ADG.AX,3521956
ADH.AX,432627520
ADO.AX,85661168
ADN.AX,68425936
ADR.AX,14337920
ADS.AX,9673500
ADSNA.AX,Not available
ADT.AX,1203452544
ADV.AX,9690213
ADX.AX,51459956
ADY.AX,7821480
AEE.AX,110334872
AEF.AX,552631808
AER.AX,5622070
AFG.AX,439999616
AFA.AX,36450308
AEI.AX,14741700
AEV.AX,19733130
AFI.AX,9148977152
AFP.AX,262164992
AE1.AX,Not available
AFL.AX,11795746
AGC.AX,16888872
AFW.AX,2366096
AGE.AX,216289360
AGD.AX,15920086
AGH.AX,12834689
AGI.AX,420992480
AGL.AX,5637620224
AGR.AX,10430748
AGN.AX,60841888
AGY.AX,182573296
AHI.AX,20028768
AHK.AX,7762496
AHL.AX,73158656
AHF.AX,9695504
AHC.AX,55125376
AHN.AX,3211410
AIM.AX,77261184
AHX.AX,56701572
AII.AX,167932800
AIA.AX,11228058624
AIV.AX,2586036
AHQ.AX,Not available
AJL.AX,16508761
AIS.AX,149966528
AIZ.AX,1852636544
AJQ.AX,10312000
AJY.AX,1360000
AJJ.AX,Not available
AKN.AX,4837434
AKG.AX,25196660
AKP.AX,181102608
AKO.AX,16147076
AKM.AX,101527400
AJX.AX,7934532
AKE.AX,Not available
AL3.AX,16488780
AL8.AX,4427440
ALA.AX,120270272
ALK.AX,362062208
ALI.AX,355553984
ALD.AX,9615484928
ALB.AX,4242335
ALC.AX,67123504
ALQ.AX,6328075776
ALL.AX,27625678848
ALM.AX,10026000
ALG.AX,Not available
ALU.AX,8596364288
ALO.AX,Not available
ALV.AX,12572592
ALX.AX,7747431936
ALY.AX,7068480
AM7.AX,7633500
AMA.AX,108384000
AME.AX,21645690
AMH.AX,348512576
AMI.AX,245016640
AMN.AX,44904472
AMD.AX,47398548
AMO.AX,26184924
AMP.AX,3015188224
AMT.AX,3468719
AMS.AX,26145014
AMC.AX,20523827200
AMX.AX,33246710
ALT.AX,Not available
AND.AX,217986192
AN1.AX,5448729
ANG.AX,281472960
AMM.AX,3536000
ANN.AX,3040707584
ANL.AX,25143402
ANO.AX,44950824
AML.AX,6578400
ANR.AX,6547866
AO1.AX,1947130
ANX.AX,12476304
ANZ.AX,87486144512
AOA.AX,3446400
APC.AX,4154760
APE.AX,3590533888
ANP.AX,Not available
AON.AX,18801260
APL.AX,5084316
APM.AX,1495006720
APX.AX,138335616
APS.AX,2450839
AQC.AX,42576344
AQD.AX,9076639
AQI.AX,17844774
AQX.AX,3454920
AQN.AX,15328060
AQZ.AX,478990336
AR1.AX,84346560
AR3.AX,17151420
AR9.AX,27535180
ARA.AX,97910496
ARB.AX,3375147264
ARC.AX,5075379
ARD.AX,12917600
ARE.AX,17085152
ARG.AX,6706542080
ARL.AX,135941728
ARN.AX,10500672
ARR.AX,138158448
ARU.AX,450508480
ART.AX,122119392
ASB.AX,786499136
AQS.AX,Not available
ASG.AX,542700032
ARO.AX,Not available
AS2.AX,5093613
ARV.AX,30441598
ARX.AX,199195776
ASH.AX,35274120
ASM.AX,248520080
ASN.AX,113232240
ASNNB.AX,Not available
ASQ.AX,11274400
ASO.AX,18130840
ASX.AX,12730808320
ASP.AX,44201340
ATA.AX,268983072
ASR.AX,8320000
AT1.AX,18536858
ASW.AX,Not available
ATC.AX,115733104
ATH.AX,20952082
ATP.AX,71547632
ATM.AX,5286765056
ATR.AX,89177544
ATS.AX,21706792
ATU.AX,9780750
ATV.AX,27909024
ATX.AX,14938462
AU1.AX,12000156
AUA.AX,7230400
AUB.AX,3137269760
AUC.AX,73476488
AUE.AX,18953152
AUG.AX,5036625
AUK.AX,7657640
AUH.AX,8311520
AUI.AX,1285243648
AUN.AX,15301580
AUQ.AX,43803368
AUR.AX,3813008
AVA.AX,39701080
AV1.AX,33271956
AUZ.AX,15678120
AVD.AX,55632424
AVH.AX,620814400
AVJ.AX,189812128
AVG.AX,102318392
AVE.AX,15846499
AUT.AX,Not available
AVC.AX,52872188
AVM.AX,1523230
AVL.AX,146108384
AVR.AX,407128512
AVZ.AX,2752409344
AVW.AX,2133790
AW1.AX,67034368
AX8.AX,25008812
AWJ.AX,20937600
AX1.AX,1106399104
AWC.AX,3801200896
AXI.AX,18606702
AXE.AX,151633984
AXN.AX,26130238
AXP.AX,5824680
AYI.AX,20527402
AYA.AX,23594700
AYT.AX,6425950
AZJ.AX,7307579392
AZI.AX,21942450
AYM.AX,5527740
AZL.AX,91474080
AZS.AX,1674182016
AZY.AX,53752532
BAP.AX,2114542976
BBL.AX,101472016
B4P.AX,34318104
BAS.AX,16103640
BBT.AX,44243320
BBC.AX,45113220
BBN.AX,269812000
BAT.AX,Not available
BC8.AX,66107556
BCI.AX,663416640
BCA.AX,7103900
BCB.AX,136512480
BCC.AX,15555943
BCT.AX,7705390
BCN.AX,90162480
BDM.AX,305560160
BCK.AX,213445296
BDG.AX,5016750
BBX.AX,Not available
BDX.AX,23715730
BDT.AX,12547664
BEL.AX,3045116
BEE.AX,8568720
BEN.AX,5667331584
BET.AX,83447056
BEZ.AX,100981528
BEX.AX,6332238
BFC.AX,13979350
BFG.AX,433004416
BFL.AX,2770614528
BGA.AX,1233298048
BGE.AX,7836178
BGD.AX,57991688
BGP.AX,946755520
BGL.AX,2160419072
BGT.AX,13289892
BHD.AX,5434920
BHP.AX,222226317312
BIM.AX,3225000
BKI.AX,1368362240
BKG.AX,14376915
BIT.AX,62257040
BIO.AX,75263904
BIS.AX,138288528
BKY.AX,129281120
BKT.AX,89992536
BKW.AX,4268039936
BLU.AX,27764550
BLX.AX,662364032
BLD.AX,6784004096
BLG.AX,54961500
BLY.AX,864086400
BIR.AX,Not available
BM8.AX,9647956
BLZ.AX,3771348
BKL.AX,Not available
BME.AX,3065792
BMG.AX,6337970
BMH.AX,12303324
BML.AX,22932876
BMM.AX,4333470
BMO.AX,3520120
BMN.AX,560926464
BMT.AX,57313800
BMR.AX,24686342
BNZ.AX,30445280
BOD.AX,4256112
BOAN.AX,Not available
BNR.AX,19084844
BNL.AX,11653620
BOA.AX,2837119
BOC.AX,246653136
BOE.AX,2006481280
BNO.AX,Not available
BOL.AX,61720992
BPM.AX,5638264
BPT.AX,3958107392
BOT.AX,299276576
BP8.AX,1954120
BPH.AX,23048548
BOQ.AX,4087493632
BPP.AX,14997300
BRG.AX,3769367040
BRI.AX,144960640
BRK.AX,57174604
BRN.AX,608355008
BRU.AX,80561400
BRL.AX,166483200
BSA.AX,47625732
BRX.AX,20455656
BSE.AX,139996800
BSL.AX,10389585920
BSN.AX,14087251
BTH.AX,92437952
BTR.AX,37926084
BTI.AX,181871936
BTE.AX,16522499
BTN.AX,15556616
BSX.AX,33022774
BTC.AX,14585536
BST.AX,Not available
BUB.AX,133819504
BUX.AX,17324702
BVS.AX,636662656
BWF.AX,89428560
BUR.AX,6779305
BUY.AX,8991000
BVR.AX,7297627
BUS.AX,5272809
BUD.AX,Not available
BXB.AX,21361213440
BWX.AX,39997600
BXN.AX,17114850
C1X.AX,3218600
C79.AX,786544384
BYE.AX,86303200
C7A.AX,2457507
BYH.AX,4354540
C29.AX,4964955
CAA.AX,162543520
CAF.AX,61653420
CAE.AX,34106720
CAI.AX,74201520
CAJ.AX,261160208
CAG.AX,11388996
CAN.AX,26992010
CAM.AX,120498680
CAQ.AX,5742288
CAR.AX,13871044608
CAT.AX,332225152
CAY.AX,101647144
CAV.AX,13694200
CBA.AX,198761807872
CBE.AX,18212314
CBH.AX,3219750
CAZ.AX,8183447
CBL.AX,7851372
CBO.AX,782662528
CCA.AX,34521356
CBY.AX,6182675
CCV.AX,141197632
CCG.AX,22659776
CCE.AX,16268356
CCO.AX,4730800
CCR.AX,112713128
CBR.AX,Not available
CCP.AX,1219079936
CCX.AX,96941200
CDA.AX,1947333760
CCZ.AX,7797060
CDO.AX,26653190
CDR.AX,3787887
CDT.AX,7346940
CE1.AX,75086520
CDD.AX,15233672
CDM.AX,227150304
CDX.AX,22651476
CEL.AX,97110096
CEN.AX,6190465024
CF1.AX,11358420
CGN.AX,Not available
CHK.AX,10764720
CG1.AX,24694070
CFO.AX,1468682
CGS.AX,219352304
CGC.AX,1482424960
CGF.AX,4748049408
CGO.AX,3645073
CGB.AX,Not available
CHL.AX,134420752
CHM.AX,24556938
CIO.AX,22790880
CI1.AX,9684972
CHN.AX,418135264
CIN.AX,796888512
CHR.AX,8903335
CHZ.AX,65818408
CIA.AX,3814349568
CII.AX,Not available
CKA.AX,107895000
CIW.AX,24579296
CL8.AX,5367400
CKF.AX,1211084288
CLA.AX,31444702
CLB.AX,110399664
CLE.AX,10471200
CLG.AX,159555008
CLU.AX,18951716
CMO.AX,3833058
CMD.AX,5420039
CMM.AX,1883365632
CLV.AX,83499504
CLT.AX,Not available
CLZ.AX,1544637382656
CLX.AX,120424312
CMG.AX,7505780
CMX.AX,5053189
CMP.AX,49605644
CNJ.AX,3140180
CNB.AX,109106824
CNU.AX,3104049152
CNQ.AX,22483202
COD.AX,20643796
COE.AX,501607584
COB.AX,54848136
COH.AX,22091814912
COG.AX,272799744
COY.AX,7076570
CNW.AX,Not available
COI.AX,231842096
COS.AX,168796832
COL.AX,22136971264
CPM.AX,8619116
CPN.AX,7352724
CPO.AX,7415505
CR9.AX,9766911
CPV.AX,117732784
CR1.AX,6487702
CPU.AX,15294388224
COO.AX,Not available
CRB.AX,2758689
CRD.AX,179300032
CRN.AX,2250765824
CRS.AX,4021559
CPT.AX,Not available
CRR.AX,24889900
CSF.AX,3204960
CRL.AX,Not available
CSE.AX,20808906
CSR.AX,4210526720
CSL.AX,137094045696
CRM.AX,Not available
CST.AX,17658846
CT1.AX,1474730
CSS.AX,51334812
CSX.AX,26579436
CTM.AX,148499104
CTE.AX,33190528
CTD.AX,2532902912
CTN.AX,4953960
CTO.AX,12000001
CTP.AX,38487644
CTT.AX,1547826304
CTQ.AX,3533205
CU6.AX,749906176
CUE.AX,66345336
CUF.AX,14899430
CUL.AX,3991211
CUP.AX,96214288
CVC.AX,221965600
CUV.AX,684237632
CUS.AX,9228540
CTV.AX,Not available
CVL.AX,472059648
CVN.AX,341564896
CVR.AX,7374889
CVV.AX,104856000
CVW.AX,376792224
CWP.AX,392311616
CWX.AX,25973748
CXO.AX,331225696
CWY.AX,5972192768
CXM.AX,42857652
CXL.AX,282086336
CXU.AX,46131240
CY5.AX,14286391
CXZ.AX,23479092
CYM.AX,30494200
CYC.AX,170784800
CYL.AX,145304288
CYG.AX,139200048
CYP.AX,31435600
CZN.AX,6771578
CXX.AX,Not available
CYQ.AX,1072551
CZR.AX,67184480
DAF.AX,4216230
D2O.AX,239773552
DAL.AX,1324000
DBF.AX,55893276
DBO.AX,2061420
DCX.AX,6605140
DCL.AX,4790522
DDB.AX,25022702
DCC.AX,51174496
DCG.AX,26449620
DCN.AX,Not available
DDT.AX,4975480
DC2.AX,Not available
DES.AX,7116000
DEM.AX,38227800
DDR.AX,1994748416
DEL.AX,14453307
DEG.AX,2212267776
DGL.AX,186777168
DDH.AX,Not available
DGH.AX,38455400
DEV.AX,121327528
DGR.AX,13567970
DLI.AX,221156160
DLM.AX,7227232
DHG.AX,2059201920
DKM.AX,13445300
DJW.AX,773196480
DMC.AX,10887840
DM1.AX,7962780
DME.AX,65618820
DMG.AX,3552047
DMM.AX,2688300
DNK.AX,151016944
DMP.AX,3906908928
DNA.AX,45709428
DOR.AX,6619580
DOC.AX,26033712
DOW.AX,3277281280
DOU.AX,5410350
DRE.AX,62668260
DRA.AX,116137768
DRO.AX,452762912
DRX.AX,74595200
DRR.AX,2537520128
DSE.AX,205347136
DSK.AX,46700924
DTC.AX,60783452
DTL.AX,1324266368
DTI.AX,8492943
DTM.AX,3868860
DTR.AX,21791850
DTZ.AX,83515192
DUB.AX,92017200
DUG.AX,323657024
DUI.AX,1078991104
DUN.AX,2767751
DUR.AX,273995808
DVL.AX,9546593
DVP.AX,579943104
DVR.AX,46904256
DXB.AX,164164496
DXN.AX,4437336
DY6.AX,2398500
DYL.AX,1200948864
DYM.AX,9552075
E33.AX,9130514
E25.AX,51589548
EAX.AX,5872152
E79.AX,2684025
EBG.AX,54690200
EBO.AX,6217080832
EBR.AX,254174240
ECG.AX,19072750
ECL.AX,91332680
ECP.AX,23015570
ECT.AX,11457241
ECS.AX,32213750
EDE.AX,7356540
EDU.AX,16521400
EDV.AX,9563833344
EEG.AX,135344464
EEL.AX,6059820
EFE.AX,9935600
EGG.AX,153462624
EG1.AX,19918580
EGL.AX,100827992
EGH.AX,161435184
EGN.AX,78948248
EGR.AX,81725760
EGY.AX,14519380
EL8.AX,148054560
EHL.AX,360707072
ELD.AX,1405314176
EIQ.AX,54466936
EM2.AX,20979562
ELE.AX,24271400
EMB.AX,21600180
ELS.AX,53436728
ELT.AX,28237300
EHE.AX,Not available
EMC.AX,13142640
EMD.AX,19431336
EMH.AX,55977752
EME.AX,28307208
EML.AX,453652000
EMP.AX,5111069
EMR.AX,1746216448
EMN.AX,35837540
EMS.AX,2390359
EMT.AX,4250000
EMU.AX,2024770
EMUCA.AX,4049540
EMV.AX,228938720
ENR.AX,96540240
ENV.AX,18484092
ENT.AX,2405913
ENX.AX,8853984
ENA.AX,Not available
EOL.AX,122674992
EOS.AX,290245024
EOF.AX,37887400
EP1.AX,118840000
EPN.AX,7208495
EPM.AX,13257960
EPY.AX,52187220
EQE.AX,12653751
EPX.AX,16456833
EQN.AX,22258500
EQR.AX,91081688
EQS.AX,3269790
EQX.AX,19716750
EQT.AX,778596864
ERA.AX,1306749696
ERD.AX,127927376
ERM.AX,26690790
ERG.AX,2995938
ERL.AX,4451760
ERW.AX,3549066
ESK.AX,29697074
ETM.AX,51802220
ETR.AX,13881701
ESR.AX,8796850
EUR.AX,100385272
EV1.AX,27427784
ESS.AX,Not available
EVODB.AX,Not available
EVN.AX,6910653952
EVE.AX,5274480
EVG.AX,7707810
EVR.AX,11891430
EVS.AX,76085400
EVT.AX,1958659328
EVZ.AX,19374720
EWC.AX,49262720
EX1.AX,4833653
EXL.AX,4561055
EYE.AX,51479320
EXR.AX,79285496
EXP.AX,128767696
EZL.AX,135978976
EZZ.AX,21779550
FAL.AX,22125000
FAR.AX,39736128
FBM.AX,29890336
FAU.AX,3323980
FBR.AX,106591200
FBU.AX,3006888704
FCL.AX,585293632
FCT.AX,52996980
FDV.AX,268587744
FDR.AX,9607500
FEG.AX,33486310
FEX.AX,194340096
FFF.AX,2624193
FFG.AX,30585280
FFI.AX,49697644
FGG.AX,518447776
FGL.AX,7448850
FFX.AX,236570016
FG1.AX,6893921
FGR.AX,36242360
FID.AX,245525280
FFT.AX,Not available
FHS.AX,20970880
FGX.AX,480394464
FHE.AX,158361584
FLC.AX,182950592
FIN.AX,11686841
FLN.AX,92727856
FLT.AX,4692085760
FLX.AX,42945000
FME.AX,16783500
FMG.AX,78513479680
FML.AX,54446212
FND.AX,134691312
FPC.AX,25611180
FNX.AX,10343067
FOS.AX,9685098
FRB.AX,17083318
FRE.AX,8947351
FRI.AX,190486096
FPR.AX,907550848
FRM.AX,17262960
FMS.AX,Not available
FPH.AX,14001187840
FRS.AX,2750362
FSA.AX,114065240
FRX.AX,15692968
FSG.AX,26730970
FTC.AX,13666169
FSI.AX,50292448
FTZ.AX,7735050
FXG.AX,6423665
FWD.AX,142841168
FTL.AX,5956240
G6M.AX,71285424
G50.AX,14207699
G88.AX,4523453
FZR.AX,14034019
G1A.AX,44401572
GAL.AX,53358748
FYI.AX,Not available
GAS.AX,35649508
GAP.AX,45442400
GBE.AX,24331248
GC1.AX,24550482
GCM.AX,5682899
GBZ.AX,10183680
GBR.AX,35412212
GCX.AX,3101384
GCR.AX,3291780
GDA.AX,43603560
GDG.AX,388844384
GED.AX,5082968
GCY.AX,Not available
GEM.AX,1007834944
GGE.AX,14666751
GES.AX,3914205
GFL.AX,32062368
GEN.AX,91435504
GIB.AX,5499234
GLA.AX,18199128
GFN.AX,Not available
GGX.AX,4089100
GLB.AX,110708352
GHY.AX,226032096
GL1.AX,137940432
GLH.AX,5804950
GLE.AX,15931500
GLL.AX,11551330
GLV.AX,20621358
GLN.AX,147949968
GML.AX,8291016
GMD.AX,2019473920
GNC.AX,1801426048
GMN.AX,17877550
GNG.AX,375543008
GNE.AX,2346900992
GNM.AX,2319434
GNP.AX,300355232
GO2.AX,1399997
GOR.AX,1666464640
GMR.AX,Not available
GOW.AX,116746304
GNX.AX,339369120
GPR.AX,15612622
GRE.AX,23122000
GQG.AX,6611771904
GRL.AX,5923470
GRR.AX,480296096
GRX.AX,259805056
GSR.AX,9576770
GPS.AX,Not available
GSM.AX,2793710
GRV.AX,33015750
GSN.AX,14338065
GSS.AX,122146368
GT1.AX,44625280
GTE.AX,21924694
GTK.AX,780496384
GTG.AX,15581296
GTN.AX,98900128
GTI.AX,5476880
GUD.AX,1675241728
GUL.AX,11262514
GTR.AX,14349650
GVF.AX,208985200
GW1.AX,12687571
GWA.AX,718705536
H2G.AX,4187560
GWR.AX,32121700
HAS.AX,78267040
HAW.AX,25126200
HAL.AX,15539400
HAR.AX,12086469
HAV.AX,52245440
HCD.AX,3078664
HCH.AX,134972848
HCF.AX,21176160
HCT.AX,2788000
HE8.AX,130202496
HFR.AX,158834528
HFY.AX,6449768
HGO.AX,146067600
HGL.AX,8903985
HGH.AX,787296448
HGV.AX,10305239
HHR.AX,16852080
HIQ.AX,8796125
HIT.AX,83754000
HIO.AX,30329342
HLF.AX,2805390
HLA.AX,Not available
HLI.AX,1125010688
HIL.AX,Not available
HLX.AX,11615750
HLO.AX,474891008
HLS.AX,936668928
HM1.AX,599461184
HMC.AX,2510618368
HMD.AX,6358499
HMG.AX,11340000
HMI.AX,6065055
HMY.AX,53531096
HMX.AX,33683464
HNG.AX,118359776
HOR.AX,5818310
HPC.AX,3446846
HPG.AX,151820640
HPR.AX,10403000
HPP.AX,5158482
HSN.AX,978483904
HNR.AX,Not available
HRE.AX,2731008
HRZ.AX,23833458
HRN.AX,43452000
HT8.AX,2991350
HTA.AX,366457536
HTG.AX,22592024
HTM.AX,3940800
HUM.AX,261712176
HUB.AX,3363257856
HVY.AX,4533552
HVN.AX,6180209664
HXG.AX,11797068
HYD.AX,4575942
HXL.AX,2004480
HYT.AX,11523556
HVM.AX,Not available
HZN.AX,291308416
IBC.AX,48048880
IAM.AX,29116648
HZR.AX,109416480
IAG.AX,15177860096
IBX.AX,2415848
IBG.AX,9563220
ICE.AX,7938840
ICI.AX,37655520
ICG.AX,4792626
ICL.AX,5917464
ICN.AX,4608084
ID8.AX,4302380
ICR.AX,3547905
IDA.AX,47534952
IDT.AX,28118320
IDX.AX,525307488
IEC.AX,3381560
IEL.AX,5037881856
IEQ.AX,5128960
IFL.AX,1668547584
IFM.AX,665074944
IFT.AX,8194116608
IGL.AX,329519328
IG6.AX,25754490
IGN.AX,9791220
IGO.AX,5391748096
IMA.AX,78131904
IMB.AX,91750240
IIQ.AX,54291032
ILT.AX,6059202
IKE.AX,63931200
ILU.AX,3110702080
ILA.AX,4957378
IMD.AX,1184466688
IHL.AX,Not available
IMC.AX,25057780
IMI.AX,8312710
IME.AX,23399584
IMU.AX,776351104
IMR.AX,106317744
IND.AX,14095800
IMM.AX,451755392
INF.AX,31456258
INL.AX,3759168
INP.AX,7463580
ING.AX,1315747200
INV.AX,23542200
INR.AX,369496768
IOD.AX,126031072
IPC.AX,6540537
IPD.AX,176027968
IPB.AX,6216342
IOU.AX,Not available
IPX.AX,522799200
IPH.AX,1504104832
IPL.AX,5632467456
IPG.AX,475548000
IR1.AX,67407720
IPT.AX,40105800
IRD.AX,53457492
IRE.AX,1583970560
IRI.AX,64605328
IS3.AX,2432640
IRX.AX,9488351
IVR.AX,66522956
ITM.AX,9538152
IVZ.AX,110596208
IVT.AX,2277732
IVX.AX,32122648
IVC.AX,Not available
IXC.AX,6388073
IXR.AX,80040416
IXU.AX,21277798
IVO.AX,Not available
JAL.AX,9586126
JAT.AX,24563586
JAN.AX,72330720
JAV.AX,2176230
JAY.AX,3308326
JBH.AX,6826814976
JCS.AX,8536918
JHX.AX,26756685824
JDO.AX,1458729472
JGH.AX,100917120
JLG.AX,1708925056
JMS.AX,421294656
JIN.AX,1060056128
JHG.AX,Not available
JNO.AX,11826424
JRV.AX,67563000
JTL.AX,1406395
K2F.AX,14393380
JPR.AX,26746650
JYC.AX,99782200
JRL.AX,Not available
KAT.AX,37756024
KAL.AX,3962524
JXT.AX,Not available
KAI.AX,31450922
KAM.AX,12054250
KAR.AX,1586455168
KAU.AX,24801380
KBC.AX,13476970
KCC.AX,9732295
KCN.AX,306724896
KED.AX,126152880
KDY.AX,3834702
KEY.AX,2262930
KGD.AX,3699696
KFM.AX,5102925
KGL.AX,68075040
KGN.AX,804778688
KIN.AX,74223456
KLS.AX,1554201472
KMD.AX,387858528
KLI.AX,3198004
KLL.AX,50792748
KLR.AX,1474000
KKO.AX,106513328
KLO.AX,Not available
KNB.AX,4018916
KME.AX,16768537
KIL.AX,Not available
KNG.AX,17513192
KNO.AX,7132587
KNM.AX,3066540
KNI.AX,23393964
KOR.AX,3670499
KOB.AX,13693785
KPG.AX,317250016
KOV.AX,99852032
KP2.AX,41196700
KPO.AX,6630390
KRM.AX,24080864
KSC.AX,513183712
KRR.AX,139816800
KSN.AX,44318616
KSL.AX,253938352
KYP.AX,43359200
KTA.AX,3776856
KTG.AX,10632618
LAM.AX,203672032
L1M.AX,3390752
KZR.AX,15207948
LAU.AX,355212608
KSS.AX,Not available
LAW.AX,319338
LBL.AX,83728080
KZA.AX,Not available
LBT.AX,34418280
LDR.AX,8649504
LCY.AX,115703248
LDX.AX,28396700
LEG.AX,43567200
LCL.AX,10507486
LCE.AX,16278235
LEL.AX,55621028
LEX.AX,20045800
LFS.AX,1200830336
LCT.AX,Not available
LGI.AX,238586320
LHM.AX,7345730
LGM.AX,15818251
LER.AX,Not available
LIC.AX,1894274432
LGP.AX,42013020
LGL.AX,166620096
LIN.AX,138230400
LIO.AX,13109339
LIS.AX,105633008
LIT.AX,37890992
LKO.AX,58757
LKY.AX,4106676
LKE.AX,110674080
LLI.AX,29445730
LLO.AX,142941008
LM1.AX,4878589
LM8.AX,63172440
LMG.AX,91088160
LML.AX,11928351
LLL.AX,605080896
LNK.AX,1151543040
LNR.AX,5864730
LNU.AX,10393481
LMLND.AX,Not available
LOM.AX,31805622
LOT.AX,769112384
LME.AX,Not available
LOV.AX,3525532928
LNW.AX,14699666432
LPD.AX,38191548
LPE.AX,5946732
LPM.AX,19851000
LPI.AX,361898912
LRK.AX,90512888
LRS.AX,489898464
LSA.AX,7887773
LRV.AX,15205617
LSF.AX,1755542272
LRL.AX,5937699
LRD.AX,2715274
LSR.AX,4046800
LTR.AX,2835202304
LSX.AX,63072980
LV1.AX,60277140
LVT.AX,5886549
LVE.AX,4458762
LVH.AX,9157650
LYK.AX,5085612
LYC.AX,5402531840
LYL.AX,451448672
LYN.AX,7049008
M24.AX,4786132
M2M.AX,3674496
M2R.AX,2679660
M3M.AX,3505848
MAF.AX,894020992
MAD.AX,1254000000
M7T.AX,166456288
M4M.AX,22631492
M8S.AX,4937742
MAG.AX,36637344
MAH.AX,463322880
MAM.AX,81009224
MAN.AX,22167360
MAT.AX,14843544
MAP.AX,87331136
MAQ.AX,1945453440
MAUCA.AX,252007520
MAU.AX,245890336
MAY.AX,208952400
MBH.AX,26785440
MBK.AX,9371016
MBX.AX,676652
MCA.AX,99547888
MCE.AX,80136120
MCM.AX,59144196
MCL.AX,6572375
MCP.AX,81331184
MCT.AX,8970100
MCY.AX,8695187456
MCX.AX,Not available
MDC.AX,15071100
MDR.AX,145788944
MCR.AX,Not available
MDX.AX,81822400
ME1.AX,1127480
MDI.AX,3482464
MEA.AX,93119128
MEC.AX,56659752
MEG.AX,2544560
MEI.AX,467678176
MEM.AX,13677400
MFD.AX,52576724
MEK.AX,43214852
MEU.AX,48704800
MEZ.AX,14565450752
MEB.AX,Not available
MEL.AX,8511120
MFF.AX,2093613568
MFG.AX,1833874432
MGA.AX,1844850
MGG.AX,Not available
MGT.AX,26577314
MGX.AX,528472800
MGH.AX,1475657984
MGL.AX,29362572
MGU.AX,14568498
MHC.AX,8810940
MI6.AX,35100000
MHK.AX,6461936
MHI.AX,2922261
MHJ.AX,269236800
MGV.AX,Not available
MIH.AX,Not available
MIL.AX,53530344
MIN.AX,13604463616
MIR.AX,640358272
MIO.AX,16338670
MKG.AX,12688104
MKL.AX,1983801
MKR.AX,50018792
MLM.AX,23038176
MLG.AX,83672576
MLX.AX,317543104
MLS.AX,15562140
MM1.AX,6947776
MMA.AX,46257032
MM8.AX,18151468
MMC.AX,35220136
MME.AX,65606400
MMI.AX,173143200
MMM.AX,90647488
MMR.AX,2737804
MMS.AX,1340627712
MNB.AX,72793800
MND.AX,1332472960
MNS.AX,50379000
MOH.AX,3235068
MOM.AX,4361778
MOZ.AX,23205780
MOV.AX,63807000
MP1.AX,2378591232
MOB.AX,Not available
MPA.AX,38414200
MPR.AX,6186654
MPP.AX,30587372
MPL.AX,10162259968
MPX.AX,36558752
MQG.AX,76062580736
MPG.AX,Not available
MQR.AX,8267680
MRC.AX,25596300
MRD.AX,7784880
MRL.AX,67220200
MRQ.AX,5050240
MRI.AX,4583070
MRM.AX,985457216
MRR.AX,14103310
MRZ.AX,6802384
MSI.AX,681520
MSG.AX,1188600
MSV.AX,81501640
MSB.AX,334884000
MTB.AX,2089620
MTL.AX,12394901
MTC.AX,29288026
MTH.AX,6737600
MTM.AX,8949312
MTS.AX,4213382656
MTO.AX,116245080
MVF.AX,557178048
MVL.AX,7774118
MVP.AX,51351596
MWY.AX,62008700
MXI.AX,126319328
MX1.AX,64852500
MXC.AX,17979156
MXO.AX,5900356
MXR.AX,9628379
MYG.AX,59768020
MYE.AX,65903096
MYS.AX,393739552
MYR.AX,711211264
MYX.AX,581057472
MZZ.AX,23085084
NAB.AX,107855544320
N1H.AX,14969452
NAC.AX,31441830
NAG.AX,11949540
NAE.AX,7175600
NAM.AX,124161608
NC1.AX,17472160
NAN.AX,811763968
NC6.AX,4300150
NCC.AX,48384204
NCK.AX,1218240000
NES.AX,1840782
NEC.AX,2782090240
NCR.AX,3843059
NET.AX,11635350
NEU.AX,2663685376
NGE.AX,35640000
NGL.AX,6831504
NCM.AX,Not available
NFL.AX,5530923
NGI.AX,798936256
NGX.AX,14950948
NGS.AX,2512270
NGY.AX,42947840
NHC.AX,3761740544
NIM.AX,7302048
NHE.AX,51317092
NKL.AX,2634456
NIC.AX,3364360960
NHF.AX,3704719104
NIS.AX,6192718
NME.AX,7755726
NMT.AX,87193400
NMR.AX,4195020
NNG.AX,2630004
NOL.AX,132601280
NOR.AX,22727088
NOU.AX,36024168
NOV.AX,23010000
NOX.AX,18995470
NPM.AX,1099468
NNL.AX,23379120
NRX.AX,6558678
NML.AX,28555670
NRZ.AX,4504230
NSB.AX,6507225
NSM.AX,5874792
NST.AX,15755805696
NSC.AX,85319640
NSX.AX,11341704
NTD.AX,73104120
NTI.AX,91738904
NTL.AX,7506010
NTM.AX,4299515
NUC.AX,13505167
NTU.AX,183375232
NUF.AX,2071355904
NVA.AX,59049200
NUH.AX,19097856
NVU.AX,10251008
NVX.AX,434972352
NWF.AX,118391384
NWC.AX,93008088
NWH.AX,1287941504
NWM.AX,9702990
NWL.AX,5241678336
NWS.AX,23432787968
NWSLV.AX,22878648320
NXD.AX,74208192
NXG.AX,6463809024
NXL.AX,692347392
NXM.AX,17118640
NXS.AX,110844104
NYM.AX,3941004
NXT.AX,9264792576
NYR.AX,17940900
NZK.AX,146192848
NZO.AX,96298936
NZM.AX,151228128
NZS.AX,3334020
OAK.AX,1143961
OAU.AX,34440000
OAR.AX,5326620
OBL.AX,382849824
OCA.AX,421038592
OBM.AX,488628160
OCC.AX,81637528
OCL.AX,1231088640
OCT.AX,2274993
OCN.AX,4537390
OD6.AX,8913237
ODE.AX,5216400
OEQ.AX,2816856
ODY.AX,19775162
OEC.AX,21178264
ODA.AX,40597676
OEL.AX,67130144
OFX.AX,417814336
ODM.AX,Not available
OIL.AX,60979892
OILN.AX,Not available
OLH.AX,16180236
OLY.AX,5983354
OKJ.AX,1737475
OLL.AX,4553773
OLI.AX,10136836
OM1.AX,4408997
OJC.AX,42957264
OMA.AX,38326636
OMH.AX,325659232
OKR.AX,Not available
OML.AX,950948416
ONE.AX,216105904
OPL.AX,4228225
OMX.AX,1886504
OPN.AX,6775080
OPT.AX,460650848
ORI.AX,8536254464
OPY.AX,Not available
OPA.AX,Not available
ORA.AX,3546840320
ORG.AX,15677025280
OOK.AX,Not available
ORM.AX,28744230
ORN.AX,81847928
ORR.AX,267563120
OSL.AX,11847240
OSX.AX,671365
OSM.AX,5069016
OZM.AX,8255000
OXT.AX,3908320
OVN.AX,Not available
OZZ.AX,3793734
PAB.AX,18517050
PAA.AX,134752864
PAC.AX,516768512
PAI.AX,314064800
PAM.AX,26850718
PAN.AX,103938096
PBL.AX,4361000
PAR.AX,124674576
PAT.AX,8515023
PBH.AX,269155936
PCG.AX,98651160
PBP.AX,226079056
PCL.AX,193619280
PCK.AX,44167412
PDI.AX,456772800
PDN.AX,4223279616
PE1.AX,389293792
PEC.AX,5120232
PEB.AX,60803776
PEK.AX,53188400
PEN.AX,242751200
PET.AX,15609775
PEX.AX,66824776
PFE.AX,11200726
PFG.AX,45219720
PFP.AX,790018048
PFT.AX,6617700
PGC.AX,190342384
PGD.AX,13236288
PGF.AX,818249984
PGL.AX,68993824
PGH.AX,290925056
PGM.AX,12463600
PGO.AX,12201083
PH2.AX,39552588
PGY.AX,32107862
PHL.AX,2836218
PHO.AX,17903872
PIC.AX,449764352
PIA.AX,307517728
PIM.AX,4091697
PIL.AX,44443560
PIQ.AX,137437648
PKD.AX,2184294
PL3.AX,7613449
PKO.AX,2635425
PL8.AX,905849600
PLG.AX,6136260
PLS.AX,11676743680
PLL.AX,369480160
PLT.AX,117000760
PLY.AX,392305920
PMC.AX,392226336
PME.AX,10435054592
PMT.AX,1187304576
PMV.AX,4887418368
PNC.AX,52286460
PNI.AX,2447005696
PNRNC.AX,Not available
PNM.AX,14638855
PNR.AX,333057920
PNN.AX,15727698
PNT.AX,3050817
PNV.AX,1463293952
PNX.AX,26903098
PO3.AX,7078170
POD.AX,14551905
POL.AX,47285400
POW.AX,5204904
PPE.AX,109676736
PPC.AX,559968768
POS.AX,25994712
PPG.AX,37246040
PPK.AX,43751756
PPM.AX,714715584
PPL.AX,26656080
PPS.AX,224313488
PPT.AX,2851755776
PPY.AX,6405009
PRM.AX,1756133
PR1.AX,3750000
PRL.AX,48441092
PRN.AX,913310976
PRO.AX,53371532
PRX.AX,8755550
PSL.AX,7296608
PRS.AX,10535811
PSC.AX,37993224
PRU.AX,2815798016
PSI.AX,1961677184
PSQ.AX,261714480
PRT.AX,Not available
PTM.AX,756817024
PTL.AX,56251804
PTR.AX,4270269
PUR.AX,11775881
PUA.AX,3124140
PVE.AX,34768800
PV1.AX,19731954
PTX.AX,38655360
PVL.AX,5433435
PVW.AX,2737935
PVT.AX,9857653
PWN.AX,27645420
PWH.AX,1166619264
PXX.AX,20254080
PXA.AX,2348749568
PWR.AX,392743680
PYRDA.AX,Not available
PVS.AX,Not available
QAL.AX,766618176
PYC.AX,309739424
PXS.AX,Not available
QAN.AX,9277541376
QBE.AX,26720915456
QEM.AX,24222720
QFE.AX,18154290
QGL.AX,177389088
QHL.AX,15779764
QIP.AX,220580352
QOR.AX,304644576
QPM.AX,90564304
QML.AX,15172011
QUB.AX,5777141760
QUE.AX,1488976
QVE.AX,222864736
QXR.AX,18871362
R3D.AX,5180648
R8R.AX,4410350
RAC.AX,224921968
RAG.AX,9479620
RAN.AX,5635740
RAD.AX,24927224
RAS.AX,3564975
RB6.AX,5591950
RBD.AX,391471072
RBR.AX,3268800
RCE.AX,90647392
RC1.AX,3282840
RBX.AX,3803486
RCL.AX,5994405
RBL.AX,Not available
RCR.AX,6192228
RDM.AX,47895680
RDN.AX,66414752
RDG.AX,106230960
RDS.AX,3701512
RDY.AX,393744032
REC.AX,7098690
RCW.AX,Not available
REA.AX,25107513344
REE.AX,10934193
RED.AX,1264287104
REG.AX,1198119296
REH.AX,18087550976
REX.AX,89679184
REM.AX,3296920
REY.AX,19054620
REZ.AX,5497866
RFA.AX,6153660
RFG.AX,184170768
RFX.AX,34382400
RFT.AX,26272820
RG8.AX,Not available
RGL.AX,6773634
RHC.AX,12639575040
RHI.AX,361054208
RGS.AX,1532184
RHY.AX,22876326
RHT.AX,29048044
RIE.AX,8895360
RIM.AX,78463696
RGI.AX,Not available
RIC.AX,751682560
RLC.AX,2478164
RKN.AX,62878724
RIO.AX,197347917824
RKT.AX,5905035
RLF.AX,13959751
RLG.AX,4335348
RMI.AX,11846960
RMD.AX,43641307136
RMC.AX,448000000
RLT.AX,134250480
RML.AX,2520000
RMS.AX,1992196736
RMX.AX,5347160
RMY.AX,41845724
RND.AX,74507560
RNE.AX,6074702
RNO.AX,11471000
RNT.AX,27704600
RNX.AX,7025690
RNU.AX,215849840
ROC.AX,6339696
ROG.AX,26511150
RON.AX,4419000
ROO.AX,1124214
RPG.AX,3515366
RPM.AX,16120544
RR1.AX,9836160
RPL.AX,800346048
RRL.AX,1408707200
RRR.AX,15058192
RSG.AX,798378752
RSH.AX,31796100
RTH.AX,63694540
RTG.AX,33266940
RVS.AX,14734375
RTR.AX,48499548
RUL.AX,504616512
RWC.AX,4637857280
RTE.AX,Not available
RVT.AX,76532384
RWD.AX,6152031
RVR.AX,Not available
RWL.AX,80667040
RXH.AX,15338708
RXL.AX,57249868
RYD.AX,86820896
RXM.AX,142061872
RZI.AX,37710848
S3N.AX,6808386
S32.AX,13406609408
S66.AX,15534546
S2R.AX,58871536
SAN.AX,1637280
SBM.AX,134965056
SBR.AX,7110978
SBW.AX,14823049
SB2.AX,63242640
SAU.AX,Not available
SCL.AX,7011224
SCN.AX,16378240
SDI.AX,101630432
SDF.AX,6361225216
SCT.AX,1859416
SDR.AX,1568193408
SEK.AX,9026615296
SDG.AX,Not available
SDV.AX,41767660
SEN.AX,29854320
SES.AX,21477958
SEG.AX,60892040
SER.AX,4858150
SEQ.AX,66026520
SEC.AX,135505760
SFM.AX,3276846
SFC.AX,289056480
SFG.AX,14509800
SE1.AX,Not available
SFR.AX,4053519104
SGA.AX,30490264
SGC.AX,8576557
SGI.AX,27256772
SFX.AX,216225888
SGF.AX,971237376
SGLLV.AX,437739072
SGR.AX,1506056960
SGQ.AX,21747880
SGM.AX,2359094016
SHA.AX,157377328
SHG.AX,23442358
SHE.AX,8897981
SHJ.AX,124748648
SHL.AX,13841054720
SHM.AX,69419304
SHN.AX,15912130
SHP.AX,15306020
SHO.AX,5560497
SHV.AX,497552512
SI6.AX,7106580
SIG.AX,2007200128
SIH.AX,12204301
SIO.AX,64783080
SIHN.AX,Not available
SIQ.AX,1223262976
SIS.AX,3495194
SIX.AX,7485792
SIT.AX,5207220
SIV.AX,7576448
SKC.AX,1421583360
SKN.AX,1768458
SKT.AX,357989824
SKS.AX,42821608
SKO.AX,440834240
SKY.AX,18156834
SKF.AX,Not available
SLH.AX,128029736
SLB.AX,4449053
SLC.AX,653833728
SLS.AX,11037070
SLM.AX,8784490
SLR.AX,1112345472
SLZ.AX,2371032
SM1.AX,149728672
SLX.AX,1141531904
SMN.AX,60194196
SMI.AX,224125008
SLA.AX,Not available
SNC.AX,103035000
SMP.AX,341938944
SMR.AX,2848398848
SMS.AX,2809143
SNG.AX,11664148
SND.AX,111190720
SNL.AX,777253440
SNS.AX,15469519
SNX.AX,4665494
SNZ.AX,2424808448
SO4.AX,Not available
SOC.AX,17281250
SOL.AX,12388421632
SOM.AX,38549804
SOP.AX,51779520
SOV.AX,18251222
SOR.AX,30391446
SP3.AX,4638419
SP8.AX,8054340
SPA.AX,9891441
SPD.AX,28271250
SPK.AX,8126119936
SPL.AX,53565328
SPN.AX,23552566
SPQ.AX,20012200
SQX.AX,3125000
SPX.AX,43244600
SQ2.AX,76690718720
SPZ.AX,146696336
SRH.AX,2840851
SRG.AX,398818208
SRK.AX,12768751
SRJ.AX,12046215
SRI.AX,4335002
SPT.AX,Not available
SRN.AX,19863100
SRR.AX,3228674
SRL.AX,58647876
SRT.AX,30496322
SRX.AX,48787140
SRV.AX,365139680
SSG.AX,149353680
SRZ.AX,20107922
SSH.AX,5601491
SRY.AX,1505620
SSL.AX,72067320
SSM.AX,742223424
SST.AX,421401440
SSR.AX,1254789632
STA.AX,138943200
ST1.AX,36371276
STG.AX,32223666
STK.AX,142852016
STN.AX,39160972
STM.AX,42007800
STP.AX,321564896
STO.AX,24618096640
STX.AX,672624064
SUH.AX,23621040
SUL.AX,3479978752
SUN.AX,20527400960
SUV.AX,39527936
SUM.AX,3645003
SVG.AX,7589295
SVL.AX,241286384
SVM.AX,301206624
SVR.AX,233085584
SVW.AX,15132886016
SVY.AX,11458200
SW1.AX,11638332
SWF.AX,33974080
SWM.AX,277045216
SWP.AX,42682844
SXE.AX,265744112
SXG.AX,349744768
SXL.AX,224305568
SYA.AX,401438720
SYM.AX,226477728
SYR.AX,422046592
T3D.AX,716670
T88.AX,6205808
TAH.AX,1712737536
T92.AX,10011419
TAM.AX,39953404
TAL.AX,23237278
TAR.AX,4942189
SZL.AX,Not available
TBA.AX,33129202
TAS.AX,3563345
TBN.AX,360550752
T3K.AX,Not available
TBR.AX,194131968
TCG.AX,94094240
TD1.AX,3295160
TCO.AX,23620642
TEE.AX,11314056
TDO.AX,20219914
TEG.AX,30719768
TEK.AX,60721052
TEM.AX,4672116
TER.AX,196236672
TG1.AX,3813990
TFL.AX,8741920
TG6.AX,15288114
THL.AX,629972800
TGF.AX,119369736
TGH.AX,7381619
TGN.AX,77854984
TGM.AX,113846392
THR.AX,7248672
TGA.AX,Not available
TIE.AX,694882368
TKM.AX,17957694
TIP.AX,42078312
TLC.AX,11440611328
TIG.AX,65333496
TKL.AX,3501320
TIA.AX,21652200
TLM.AX,32956000
TLG.AX,286714272
TLS.AX,43444543488
TMK.AX,24490322
TMB.AX,6552292
TMG.AX,2929843
TLX.AX,4095233792
TI1.AX,30218720
TMR.AX,2923996
TML.AX,3727911
TMS.AX,20641852
TMX.AX,5726680
TMT.AX,67134856
TMH.AX,Not available
TMZ.AX,4881020
TNC.AX,41166088
TNE.AX,5536492032
TNY.AX,7679244
TON.AX,24982240
TOR.AX,21427560
TOU.AX,46291224
TOP.AX,106613936
TOE.AX,49315620
TOY.AX,11763290
TPG.AX,8348436480
TPW.AX,1535645440
TNT.AX,Not available
TRA.AX,378946432
TPC.AX,72481128
TRM.AX,8668351
TPD.AX,Not available
TRE.AX,13285870
TRJ.AX,161348944
TPO.AX,Not available
TRP.AX,13906904
TRU.AX,8595860
TSL.AX,17943570
TSI.AX,43664460
TRS.AX,170945776
TSK.AX,285017824
TRT.AX,Not available
TTA.AX,412269
TSO.AX,39346564
TRY.AX,Not available
TUA.AX,1874843648
TVL.AX,54216116
TTT.AX,44724356
TTM.AX,51944220
TTI.AX,5303690
TSN.AX,Not available
TVN.AX,88019800
TUL.AX,Not available
TWE.AX,9899397120
TWD.AX,102711000
TWR.AX,239902096
TYX.AX,26299440
TYR.AX,529093568
TZL.AX,5135160
UBI.AX,42473800
TZN.AX,74079600
UBN.AX,20858662
UNI.AX,400482560
TYM.AX,Not available
UCM.AX,7582228
UNT.AX,15579749
UOS.AX,889075008
USL.AX,38486760
UMG.AX,Not available
VAL.AX,228228992
VAR.AX,2653000
UVA.AX,4336500
URW.AX,16978581504
VEA.AX,5651662336
VBC.AX,31754582
VBS.AX,13568397
VEN.AX,13918337
VHT.AX,289230912
VEE.AX,203578512
VGL.AX,421693760
UUL.AX,Not available
VG1.AX,750769216
VHM.AX,102673056
VIG.AX,17166810
VIP.AX,2360343
VMG.AX,6927660
VIT.AX,115174800
VMM.AX,53499164
VML.AX,23580282
VLS.AX,138744256
VIA.AX,Not available
VMC.AX,20870190
VKA.AX,10252600
VMT.AX,55368180
VMS.AX,52133640
VPR.AX,10716200
VR8.AX,25773802
VNT.AX,3250899968
VR1.AX,32671108
VN8.AX,4703777
VRC.AX,24780660
VRS.AX,30872100
VSR.AX,9605850
VSL.AX,1070983296
VRX.AX,50753972
VOL.AX,Not available
VTM.AX,Not available
VTI.AX,9976644
VTX.AX,6368863
VUK.AX,5354435584
VVA.AX,132720560
VUL.AX,483525088
VYS.AX,102155752
W2V.AX,13449798
WAF.AX,1175422592
WA1.AX,701688384
WAA.AX,64204664
WA8.AX,25047332
WAK.AX,25850824
WAM.AX,1804426368
WAR.AX,196337344
WAT.AX,180437488
WBC.AX,92641263616
WAX.AX,243038416
WBT.AX,682026048
WBE.AX,3111098
WC8.AX,814428032
WDS.AX,57114398720
WCN.AX,24365850
WC1.AX,5798400
WEB.AX,3440490752
WCG.AX,Not available
WES.AX,76506865664
WEL.AX,2040840
WFL.AX,1478832
WEC.AX,4529400
WGB.AX,832691904
WGR.AX,3534824
WGN.AX,181990448
WGX.AX,1136695296
WHK.AX,9276960
WHC.AX,5538298880
WHF.AX,616621632
WIA.AX,73654800
WKT.AX,80551320
WIN.AX,17280810
WLD.AX,21249998
WLE.AX,1751399936
WMA.AX,197481264
WMC.AX,72664712
WMG.AX,11911637
WMI.AX,317182176
WNR.AX,2106504
WOA.AX,17544254
WML.AX,4872560
WNX.AX,36257540
WOR.AX,8695177216
WR1.AX,162167248
WOW.AX,39567298560
WQG.AX,Not available
WRM.AX,17508204
WRK.AX,48320420
WTC.AX,32177250304
WSI.AX,14399449
WSR.AX,2224296
WSP.AX,76406544
WTL.AX,21032506
WTN.AX,747467328
WWG.AX,18402340
WWI.AX,34025460
WYX.AX,4687282
X2M.AX,12526080
WZR.AX,58980088
X64.AX,130184000
XGL.AX,14779250
XAM.AX,109824648
XF1.AX,19548480
XPN.AX,5768552
XRG.AX,18121588
XRF.AX,165730800
XRO.AX,20804796416
XTC.AX,87641
XST.AX,5787342
YAR.AX,2894148
YAL.AX,7103967744
YOJ.AX,14853250
YPB.AX,1580924
XTE.AX,Not available
Z2U.AX,12983662
YBR.AX,Not available
YOW.AX,8087016
YRL.AX,24102720
ZAG.AX,13985634
ZEO.AX,48535764
ZEU.AX,4133528
ZER.AX,137939360
ZLD.AX,7943040
ZIM.AX,1883665024
ZNC.AX,30304766
ZIP.AX,1556533248
ZGL.AX,10728000
ZMM.AX,3695640
ZMI.AX,2770872
ZNO.AX,26832628
AIB.AX,687533
AIQ.AX,171402896
AOF.AX,193150032
APW.AX,65243520
APA.AX,10613305344
CD1.AX,24489304
ABP.AX,Not available
ARF.AX,1392188032
APZ.AX,310896768
BWP.AX,2312582400
CD2.AX,57727012
CD3.AX,105881752
CDP.AX,347169312
CIP.AX,2260354304
CHC.AX,6475328512
CMW.AX,1126114176
CNI.AX,1454225280
CLW.AX,2754458624
COF.AX,773550080
CQE.AX,1014405184
CQR.AX,2109865088
DBI.AX,1348472576
DXC.AX,382964448
DXI.AX,974018944
ECF.AX,231085888
FOR.AX,142787344
DXS.AX,8421713408
EDC.AX,41824120
ENN.AX,176438320
FPP.AX,15152452
FSF.AX,365197408
GCI.AX,639963712
GDC.AX,170773328
GDF.AX,283288768
GMG.AX,63128748032
GOZ.AX,1854594048
GDI.AX,324526240
HCW.AX,744480832
GPT.AX,8715889664
HDN.AX,2692563968
HPI.AX,644084096
INA.AX,2070521600
KKC.AX,Not available
LFG.AX,1154455168
LLC.AX,4511239680
LRT.AX,42349076
MGF.AX,Not available
MOT.AX,584405888
MGR.AX,8996560896
MXT.AX,2133850880
NBI.AX,Not available
NPR.AX,256060816
NSR.AX,3329950464
OPH.AX,Not available
PCI.AX,Not available
RCT.AX,150897024
RFF.AX,813884352
RF1.AX,Not available
REP.AX,339587360
QRI.AX,667840896
RGN.AX,2695445504
SCG.AX,17611253760
TCL.AX,40631246848
TCF.AX,21231644
PGG.AX,Not available
SGP.AX,11410673664
TGP.AX,125120992
TOT.AX,114499832
URF.AX,196067808
USQ.AX,58318048
VCX.AX,9605310464
WPR.AX,1692978944
AAA.AX,Not available
A200.AX,Not available
WOT.AX,192190128
ACDC.AX,Not available
ASIA.AX,Not available
AESG.AX,Not available
AGVT.AX,Not available
AQLT.AX,Not available
ATEC.AX,Not available
AUMF.AX,Not available
ATOM.AX,Not available
AYLD.AX,Not available
BGBL.AX,Not available
BEAR.AX,Not available
BNDS.AX,Not available
BHYB.AX,Not available
BNKS.AX,Not available
BOND.AX,Not available
BILL.AX,Not available
CLDD.AX,Not available
CETF.AX,Not available
CLNE.AX,Not available
CRED.AX,Not available
CNEW.AX,Not available
CURE.AX,Not available
DBBF.AX,Not available
CRYP.AX,Not available
DGGF.AX,Not available
DHHF.AX,Not available
DJRE.AX,Not available
DRIV.AX,Not available
DRUG.AX,Not available
DVDY.AX,Not available
DZZF.AX,Not available
E200.AX,Not available
EDOC.AX,Not available
EEU.AX,Not available
ERTH.AX,Not available
EMKT.AX,Not available
ESPO.AX,Not available
ESGI.AX,Not available
ETHI.AX,Not available
ESTX.AX,Not available
EX20.AX,Not available
F100.AX,Not available
FAIR.AX,Not available
FANG.AX,Not available
FOOD.AX,Not available
FLOT.AX,Not available
FUEL.AX,Not available
GAME.AX,Not available
GBND.AX,Not available
GCO2.AX,Not available
GDX.AX,Not available
GEAR.AX,Not available
GGOV.AX,Not available
GLIN.AX,Not available
GLPR.AX,Not available
GMTL.AX,Not available
GOAT.AX,Not available
GOVT.AX,Not available
GPEQ.AX,Not available
GRNV.AX,Not available
HACK.AX,Not available
HCRD.AX,Not available
HETH.AX,Not available
HEUR.AX,Not available
HGBL.AX,Not available
HGEN.AX,Not available
HJPN.AX,Not available
HLTH.AX,Not available
HNDQ.AX,Not available
HQLT.AX,Not available
HVST.AX,Not available
IAA.AX,Not available
IAF.AX,Not available
IBAL.AX,Not available
IBUY.AX,Not available
ICOR.AX,Not available
IEAT.AX,Not available
IEM.AX,Not available
IESG.AX,Not available
IEU.AX,Not available
IFRA.AX,Not available
IGB.AX,Not available
IGRO.AX,Not available
IHCB.AX,Not available
IHD.AX,Not available
IHEB.AX,Not available
IHHY.AX,Not available
IHVV.AX,Not available
IHOO.AX,Not available
IHWL.AX,Not available
IIND.AX,Not available
IJH.AX,Not available
IJP.AX,Not available
IJR.AX,Not available
IKO.AX,Not available
ILB.AX,Not available
ILC.AX,Not available
INCM.AX,Not available
IOO.AX,Not available
IPAY.AX,Not available
IOZ.AX,Not available
ISEC.AX,Not available
ITEK.AX,Not available
ISO.AX,Not available
IVE.AX,Not available
IVV.AX,Not available
IWLD.AX,Not available
IXI.AX,Not available
IXJ.AX,Not available
IZZ.AX,Not available
IYLD.AX,Not available
MNRS.AX,Not available
MOAT.AX,Not available
MTAV.AX,Not available
MVA.AX,Not available
MVB.AX,Not available
MVE.AX,Not available
MVOL.AX,Not available
MVR.AX,Not available
MVS.AX,Not available
NDIA.AX,Not available
MVW.AX,Not available
NDQ.AX,Not available
NUGG.AX,Not available
OOO.AX,Not available
OZF.AX,Not available
OZBD.AX,Not available
OZR.AX,Not available
OZXX.AX,Not available
PLUS.AX,Not available
POU.AX,Not available
QAU.AX,Not available
QFN.AX,Not available
QHAL.AX,Not available
QLTY.AX,Not available
QMIX.AX,Not available
QOZ.AX,Not available
QPON.AX,Not available
QRE.AX,Not available
QSML.AX,Not available
QUAL.AX,Not available
QYLD.AX,Not available
QUS.AX,Not available
RARI.AX,Not available
RBTZ.AX,Not available
RCB.AX,Not available
RDV.AX,Not available
REIT.AX,Not available
RGB.AX,Not available
ROBO.AX,Not available
ROYL.AX,Not available
RSM.AX,Not available
SEMI.AX,Not available
SFY.AX,Not available
SLF.AX,Not available
SPY.AX,Not available
SSO.AX,Not available
STW.AX,Not available
SUBD.AX,Not available
TANN.AX,Not available
SYI.AX,Not available
TBIL.AX,Not available
TECH.AX,Not available
UMAX.AX,Not available
URNM.AX,Not available
USD.AX,Not available
USHY.AX,Not available
USIG.AX,Not available
USTB.AX,Not available
UYLD.AX,Not available
VACF.AX,Not available
VAE.AX,Not available
VAF.AX,Not available
VAP.AX,Not available
VAS.AX,Not available
VBLD.AX,Not available
VBND.AX,Not available
VCF.AX,Not available
VDBA.AX,Not available
VDGR.AX,Not available
VDCO.AX,Not available
VDHG.AX,Not available
VEFI.AX,Not available
VEQ.AX,Not available
VESG.AX,Not available
VETH.AX,Not available
VEU.AX,Not available
VGAD.AX,Not available
VGB.AX,Not available
VGS.AX,Not available
VGE.AX,Not available
VHY.AX,Not available
VIF.AX,Not available
VISM.AX,Not available
VLC.AX,Not available
VLUE.AX,Not available
VSO.AX,Not available
VTS.AX,Not available
WDIV.AX,Not available
WDMF.AX,Not available
WEMG.AX,Not available
WIRE.AX,Not available
WVOL.AX,Not available
WXHG.AX,Not available
WXOZ.AX,Not available
XCO2.AX,Not available
XMET.AX,Not available
ZYAU.AX,Not available
ZYUS.AX,Not available
GOLD.AX,7675569
WHFPA.AX,Not available
CINPA.AX,Not available
SSLPA.AX,Not available
TTTR.AX,Not available
AMPPB.AX,Not available
WECR.AX,Not available
OPNR.AX,Not available
AN3PG.AX,Not available
AN3PH.AX,Not available
AN3PI.AX,Not available
AN3PJ.AX,Not available
AN3PK.AX,Not available
AYUPA.AX,Not available
CBAPG.AX,176311926784
BENPG.AX,5519346688
BOQPF.AX,Not available
BOQPG.AX,Not available
BENPH.AX,Not available
BOQPE.AX,39833251840
CBAPH.AX,175767388160
CBAPJ.AX,Not available
CBAPK.AX,Not available
CBAPI.AX,Not available
CBAPL.AX,Not available
CBAPM.AX,Not available
IAGPE.AX,Not available
CGFPD.AX,Not available
GC1PA.AX,Not available
CGFPC.AX,Not available
LFSPA.AX,Not available
MBLPD.AX,Not available
MQGPC.AX,33444907008
MQGPD.AX,33965715456
MQGPE.AX,Not available
MBLPC.AX,Not available
MQGPF.AX,Not available
NABPH.AX,Not available
RHCPA.AX,14437240832
NABPF.AX,77276790784
NABPI.AX,Not available
SUNPG.AX,130044551168
NABPE.AX,Not available
SUNPI.AX,Not available
WBCPH.AX,351111184384
SUNPH.AX,Not available
WBCPI.AX,347133739008
WBCPK.AX,Not available
AASF.AX,Not available
WBCPL.AX,Not available
WBCPJ.AX,Not available
WHFPB.AX,416655712
ADEF.AX,Not available
AGX1.AX,Not available
ASAO.AX,Not available
AUDS.AX,Not available
AUST.AX,Not available
BBUS.AX,Not available
BBOZ.AX,Not available
DAOR.AX,Not available
BAOR.AX,Not available
DHOF.AX,Not available
EAFZ.AX,Not available
EBND.AX,Not available
EIGA.AX,Not available
EINC.AX,Not available
FATP.AX,Not available
EMMG.AX,Not available
FDEM.AX,Not available
FEMX.AX,Not available
FUTR.AX,Not available
GCAP.AX,Not available
GGUS.AX,Not available
GIVE.AX,Not available
GLOB.AX,Not available
GOOD.AX,Not available
GROW.AX,Not available
HBRD.AX,Not available
HJZP.AX,Not available
IIGF.AX,Not available
IDEA.AX,Not available
HYGG.AX,Not available
IISV.AX,Not available
IMPQ.AX,Not available
INES.AX,Not available
INIF.AX,Not available
ISLM.AX,Not available
JEPI.AX,Not available
JHPI.AX,Not available
JPEQ.AX,Not available
JPSI.AX,Not available
JPHQ.AX,Not available
JREG.AX,Not available
JZRO.AX,Not available
KSM.AX,Not available
LNAS.AX,Not available
LSGE.AX,Not available
LPGD.AX,Not available
MAAT.AX,Not available
MAET.AX,Not available
MCGG.AX,Not available
MCCL.AX,Not available
MFOA.AX,Not available
MGOC.AX,Not available
MHG.AX,Not available
MHHT.AX,Not available
MKAX.AX,Not available
MICH.AX,Not available
MOGL.AX,Not available
MSTR.AX,Not available
NNUK.AX,Not available
PAXX.AX,Not available
PGTX.AX,Not available
PIXX.AX,Not available
QMAX.AX,Not available
RCAP.AX,Not available
RINC.AX,Not available
S3GO.AX,Not available
SWTZ.AX,Not available
SNAS.AX,Not available
SMLL.AX,Not available
T3MP.AX,Not available
VNGS.AX,Not available
VMIN.AX,Not available
VVLU.AX,Not available
WCMQ.AX,Not available
XALG.AX,Not available
WRLD.AX,Not available
XASG.AX,Not available
XARO.AX,Not available
YANK.AX,Not available
YMAX.AX,Not available
YTMALD.AX,Not available
YTMDO2.AX,Not available
YTMDX2.AX,Not available
YTMAS2.AX,Not available
YTMDX3.AX,Not available
YTMGP1.AX,Not available
YTMIP1.AX,Not available
YTMDX1.AX,Not available
YTMAP1.AX,Not available
YTMMG2.AX,Not available
YTMMQ1.AX,Not available
YTMORG.AX,Not available
YTMQF4.AX,Not available
YTMSG3.AX,Not available
YTMVC1.AX,Not available
YTMSCP.AX,Not available
YTMVCX.AX,Not available
YTMTL2.AX,Not available
